Restaurant,Score
Restaurant 9,2.7767066204772903
Restaurant 4,2.7668364471669222
Restaurant 8,2.518636858974359
Restaurant 3,2.503701202482545
Restaurant 7,2.276770569105691
Restaurant 2,2.2685850430696943
Restaurant 1,2.026116793602437
Restaurant 6,2.0149668076923075
Restaurant 5,1.7760637734311322
Restaurant 0,1.7716187451286045
